text,label
"[Lohen]
I Need help building a viable team with Lohen. A kind of melt team if possible. But most teams like that need Durin or some other Char I don't own, so I'm a bit clueless about what I can actually build with him.

I can send you some pics of all the characters I own so you can give me some tips on this topic",Question
"[Clorinde] running her on two 2pc Attack sets (Gladiators and Harmonic), on R2 Light of Foliar Incision and im using her in Hyperfridge with Nahida (C1), Furina (C0) and Charlotte (C1) but also could swap Charlotte out for Raiden (C0). Clorinde's talents are 1/1/1, but I will be levelling her Skill and Burst after I ascend her to 80/90. I'm also going to try to get her Signature/Best in Slot weapon, Absolution, who should I have as my last slot, the team is comfy with Charlotte but raiden would also work in the team by providing team wide energy and more electro application, who should I use, Raiden or Charlotte",Question
"I want to make a team with navia as dps and furina as support or sub dps (im not sure) but I’m not sure who else to put in the teams.
The characters I have are: 
C0 ayaka
C3 xiangling
C1 keqing
C0 sigewinne
C0 sucrose
C0 collei
C0 Barbara
C0 Bennett
C1 Noelle
C0 Lynette
C1 fischl 
C0 Yanfei
C3 xinyan
C1 amber
C1 razor
C0 gorou 
C2 faruzan
C0 heizou
C1 rosaria
C1 kaeya
C1 beidou
C0 Lisa
C1 xinqiu
C5 gaming",Question
"Hoping for Xilonen rerun soon and Iansan to be included on the first few banners. A C6 Iansan? 
Should I not pull for Citlati in the next patch? Because I'm on 100% Capturing Radiance. 
But when is Xilonen rerun? 😭
Sucrose on VV set and Sac frag and Mona on Golden Troupe/Noblesse and TTDS?",Question
"hi guys can u help me
- i git lohen by mistake cause i was building pity
- i dont have nicole, durinn, furina
- the link below has a screenshot of my character roster
it would mean a lot if guys can help me

https://www.reddit.com/r/Lohen_Mains/s/mx2L7a0YFC",Question
"After losing all 7 of my 50/50s (ever since I started the game!), I finally won one with Clorinde at 17 pity! So now I pulled Alhaitham and Clorinde in the current banners!

So now, my current meta teams are:

* Bennett C5 - Kazuha C0 - Xiangling C6 - Tartgalia C0

* Furina C0 - Xingqiu C6 - Charlotte C4 - Hu Tao C1

* Nahida C0 - Xingqiu C6 - Kuki C0 - Alhaitham C0

I'm planning to pull Xianyun to replace Charlotte in my Fu Tao team.

No idea where to put Clorinde though. One character I also have is Fischl C4 which I heard synergies well with Clorinde, but I have no idea what team I should make around them.

I would like to replace Xingqiu in one of my meta teams with another sub-DPS hydro (maybe Yelan?) so there's no overlap between my teams. (Unless he can be replaced with Chorinde somehow in one of the teams?)

So current goals are to pull Xianyun unless there are better meta options that y'all think.

Maybe Geo would be nice as I have no 5-star Geo but I don't know that's necessary. I only have a C0 Gorou, C1 Ningguang, and a C4 Noelle.

Any advice on what to pull next or if there are better teams I can make around these characters would be appreciated!",Question
"pretty much got no clue how to build a decent team, i just returned.

got xianling c5, fischel c0, nigguang c2, tighnari c0, xinqui c1, sucrose c0 ,barbara c2. 

im thinking xianling as main fischel and xinqui and them maybe sucrose? or xinqui as main and get fischel and xinling the energyreg artefacts maybe? 

any help would be great as bosses just delete me.",Question
"Character: Fischl  
I just got Clorinde and kind of wanted to do an overload team with her and am seeing talk about Fischl. I do have her... but I've never been able to like using her. Maybe it's because most of my teams until now have usually spent most of the on field time with one character (I rarely switch with Itto), but Fischl always feels clunky to me. It feels like I'm having to micro manage her bird and constantly switch out (which I don't really like). Is this just how Fischl is, or is there something I'm not understanding about how to use Fischl?  
  
If anyone has any tips for using/liking Fischl they would be appreciated, or if you happen to know a different character I could use/try to get that would also help.",Question
"Hello im a returning player lvl 45 (world level 5) didnt play for so long and im having a bad time against mobs...

Im playing with Hu tao, Ayaka, Barbara and Keking but it doesnt have any sinergy so im really weak when fighting even normal enemies...

Can anyone tell me some teams and if i can play Yae Miko/Hu Tao/Ayaka as they are the characters i like and pulled for them? [https://postimg.cc/T5n5RB6b](https://postimg.cc/T5n5RB6b)",Question
"hello! help me make teams for floor 12

my top characters: https://i.imgur.com/bHaMoye.png

characters i don’t own: https://i.imgur.com/xoJQA8m.png

relating to the last question: https://i.imgur.com/81WTTTP.png

i can (barely) pass floor 11, but i don’t even attempt to enter floor 12 anymore. note that kirara, keqing and the rest of the characters that aren’t shown aren’t built, but i am willing to build someone if needed.

also help me decide what swords should i give alhaitham, furina and kazuha. thanks to everyone in advance!",Question
What’s the 7 pull thing.  Meaning everyone you level to 20 gets you a wish?,Question
"\[Lohen\] 

In his premium team of durin, Nicole, citlali, can I replace Durin with Mavuika? And also I have his premium freeze team too… so if you compare the two mentioned team above, which is stronger?",Question
"Characters: Xilonen, Prune, Sucrose

I was wondering on what the differences between these 3 are buffing wise. I'm trying to put together a Mona team with Durin and Nicole and am still debating the last slot. I've seen these 3 suggested in different contexts and was wondering about how each of them actually work? I have all 3 Xilonen C0 R0, Prune C2 and Sucrose C6. It doesn't have to specifically refer to Mona since I want to know how to use them in other teams as well

Any explanations/advice would be great!",Question
"Thoughts on forming a strong party? I’m about two months into this game so I don’t know much.

https://postimg.cc/yWX36L9X

Tell me if I need to add any more details.",Question
"\[Alhaitham\]

does Alhaitham , yelan , nilou and yaoyao works? I pulled Alhaitham and I dont really have kuki or fischl built. Also roughly how much em do i need to make it work ( Nilou has 60k hp )",Question
"Hello everyone! I have pulled for Clorinde and lost 50/50 to Keqing (but managed to get back the Champion Duelist). Anyways, I want to try and build a strong team for Clorinde and potentially another one for Keqing since I have her.  
Here's the link to my characters and their levels: [https://imgur.com/a/2rfXYUy](https://imgur.com/a/2rfXYUy)

Characters details:  
- Kazuha C0  
- Bennett C1  
- Barbara C4  
- Xiangling C0  
- Xingqiu C0  
- Fischl C0   
- Thoma C6  
- Chevreuse C0  
- Collei C0  
- Beidou C1",Question
I think I like jean more then Barbra but shouldnt I do 2 electro 2 Dendro or is it better to use jean? If put a picture of the characters I have if I knew how,Question
"What team comp can I build with Furina and Nahida on the same team? Is it possible? I have Xianyun, Navia, Yelan, Itto, Kokomi, Ayaka, Eula, Childe, Zhongli, Ganyu, and all standard 5 star except for Dehya.",Question
Your arle team already looks fine for this abyss (im guessing you are building this team for the 2nd half)? Is there a particular chamber where arle is struggling with?,Question
"\[Lohen\]  
looking for efficient and/or fun, f2p friendly team comps ideas for this guy.   
my current is escoffier, bennet, xiangling, lohen. tried swapping either for sucrose for hexerei buff but it wasn't working as well. 

characters owned : 

5\* : baizhu (c1), escoffier, dehya (c1), \[columbina, flins, ineffa (all 3 busy when in abyss, could maybe spare bina\], jean, keqing, qiqi (c1), varka   


4\*   
everyone **except** chevreuse, faruzan, sara, rosaria, razor, prune, ororon, lan yan, kirara, iansan, layla and gorou.

im getting yumemizuki on anniversary banner so no mona unless i get her on standard.",Question
"[Alhaitham]

Can Alhaitham,fischl, monna and thoma work as a decent team? I recently pulled alhaitham but don't have that many characters to build a good team for him, also is his weapon banner worth it?",Question
"characters: https://imgur.com/a/7c96rDb

ngl ive been playing since 2022 and only grind for about 2 months and i dont play again until next year, so im not really in the loop nor do i know a lot ab the game. what is the best team i can form right now? any help and suggestions will be greatly appreciated:\]",Question
"How worse would Clorinde, Fischl, Furina core get if I swap Nahida with Baizhu? I hate seeing the team with low hp and I don't know what healer I could play that gives as many advantages as Baizhu",Question
"[Alhaitham]

I'm not sure what teams should I build to 36* Abyss, my list of chars: https://imgur.com/a/vzZga6c

I'm thinking Neuv can lead one team, not sure who's his best team mates, he's at C0, so maybe Chiori and Kazuha? Who else would be good?

For the other team, I used to go Diluc, but now that I just got Bennet (C0) and Alhaitham, maybe I should invest in either Xiangling/Bennet/Xingqiu or an Alhaitham team, but I don't really have the right supports for Alhaitham Bloom teams.

Any suggestions or tips is appreciated, thanks!",Question
"Back in the game after a long hiatus (last time I played, there was only Mondstat and Liyue!)

What teams would you suggest for overworld (I know you can use whoever, but I'd like a mix of elements, decent synergy, and an archer) and for Spiral Abyss?

5*: Xiao, Jean, Venti, Keqing, Baizhu

4*: Xiangling, C4 Bennet, C1 Amber, Thoma, C1 Xinyan, 
C1 Xingqiu, C4 Barbara, 
Diona, C1 Kaya, 
C6 Noelle, Ningguang, 
C2 Razor,  C1 Lisa,   C1 Sethos, C3 Beidou, Collei, 
C1 Faruzan, Lynette, Surcrose. 

Nobody is fully built and I don't have any 5* weapons. I'm a Welkin player.",Question
"I'm F2P and am planning to pull for Furina when she gets her rerun next phase. I'm not sure what kind of team to use her in though. I have Venti, Kokomi, Raiden and Wanderer for 5 stars, and most 4 stars. I would like to use Furina in a team that utilises some of the characters I already have (primarily Koko and Raiden). 

I was thinking maybe a team like Furina (buffs and hydro application), Raiden (main DPS), Koko (healing to counter Furina HP drain, and lower ER requirements further), Venti (VV, crowd control). How is this team?",Question
"[Alhatham]

Should I build a Hyperbloom, Bloom, Or Aggravate/Quicken team for Alhatham? 

Not asking burgeon bc of damage lol",Question
"Oh ok, does the difference affect the team significantly or something not to take note of?",Question
"[Clorinde]


Hi! I need help building a team for Clorinde as the main dps. Please recommend some teams I could build, if I don't have Nahida, Furina, or Chevreuse to work with. Here are my characters:

5*: Alhaitham, C1 Baizhu, Diluc, Hutao, Jean, Kazuha, Kokomi, Mona, Neuvillette, Qiqi, Venti, Wanderer, Xiao, Yoimiya, Zhongli.

4*: C1 Amber, Aloy, C2 Barbara, C3 Beidou, C5 Bennett, C2 Candace, C6 Chongyun, C4 Collei, C6 Diona, C2 Dori, C2 Faruzan, C6 Fischl, Freminet, Gaming, C4 Gorou, C3 Kaeya, C2 Kaveh, Kirara, Kuki Shinobu, C1 Layla, Lisa, C1 Lynette, C1 Ningguang, C2 Noelle, C4 Rosaria, C2 Sara, C4 Sayu, C4 Sucrose, C5 Thoma, C4 Xiangling, C6 Xingqiu, C6 Xinyan, C1 Yaoyao, C6 Yanfei, C2 Yunjin, Traveler.",Question
"Need help deciding a second team to build for spiral abyss. I won't be able to properly build them 100% but I hope I can get atleast 3* for the other floors before reset. 

My current team is an encore freeze team of kaeya + barbara with lisa and bennett for other monsters

Can someone suggest a newbie friendly team that the strategy is easy to learn from my other characters please? Im not really great at teams with complicated switch strategies, ive only been playing for 2 weeks

https://imgur.com/a/CJmMx9i

List of chars below:
Traveler, amber, sayu, dehya, Noelle, niggling, Lynette, furizan, Chongyun, Sethos c4, collei, xingqu, thoma, xiangling",Question
What is his premium freeze?,Question
"I need better hydro healer applicator than Xingqiu... Should I save primos for Furina or Kokomi? Can you tell me some pros and cons about these characters? 

Current team 

Wanderer  
Faruzan  
Xingqiu  
Layla",Question
"If I swap out her crit damage circlet for a crit rate one, her LoFI stats become 90% cr and almost 250% cd. So it's a question if Haran's 12% elemental damage boot + 40% normal attack damage balances that out.",Question
"My team that I'm making.

Clorinde, Furina, Jean, Chev.

Should I swap out Jean for Thoma?

Or should I try another setup entirely?",Question
"[clorinde]

Ok so, I pulled for Clorinde and her weapon, but got Alhaitham's. And right now I have these main questions:

* Due to her passive crit rate and the high crit dmg on Alhaitham's sword, should I look for a busted ATK / EM circlet?
* Should I look for an EM sands or ATK? Because I know she benefits more from ATK, but maybe EM is more interesting due to the passive on Alhaitham's sword.
* And also, in case I put a non crit dmg circlet, should I go for an ATK sands and ATK circlet, ATK and EM sands / circlet or EM and EM sands / circlet?

If someone can give me ideas on what to do I would be grateful, thanks!",Question
"Are you asking about how to build Arle and Neuvi, like artifacts, weapons, teams etc. or are you just asking which one of them is better and what team to use them with?",Question
"Characters: Nahida, XQ, YaoYao Kuki (not sharing builds but don't worry I cover the important information)

  
I am completely lost for my hyperbloom team.

I am using C0 Nahida as on field driver with Kagura (but I am ok with giving her an more em focused build with sacrificial fragment instead though that means no crit build), C1 YaoYao as deepwood holder, XQ for hydro app and lvl 90 Kuki with 800+ em. I want Kuki using gilded dreams but sadly I am missing a 4th piece that is useable so I use 2 piece gilded dreams and 2 piece of the other set that gives em for now until I finally am able to get that 4th piece I need.

My rotation is Nahida E+Q, YaoYao E, C6 XQ Q+E, and C0 Kuki E + ult, then swap back to Nahida and normal attack until the rotation starts again.

As far as my research on hyperbloom goes I meet all the criteria, I have good elemental application, a lvl 90 electro with a good amount of em that can hit the blooms and a character applying deepwood to lower dendro res. Yet it takes me a full 3 minutes to do chamber 1 first half of floor 12.

I have been struggling to build a second team I am happy with for a very long time (my other team is my Neuvi one which I am really happy with) and I think hyperbloom as non crit team would be the easiest to fix up so I want to know where I went wrong despite meeting all the criteria I know of.

The only thing I can think of is building XQ's damage and not only using him purely as a hydro applier and interruption resistance/damage reduction giver, which I am going to have a hard time with as my crit luck is horrible. Is making sure my Xingqiu's damage better by giving him a good crit ratio and not just a good amount of ER and bonus hydro goblet worth it?

Tl;dr I really don’t like using my resources farming for crit builds as it always ends badly so if there is a way for me to improve my hyperbloom other than improving characters that use crit builds to do extra damage on top of the reaction I would like to know. But if building crit for XQ is actually a big improvement damage wise then I will resign to my fate. Longer explanation below.



For context I have a poor history with trying to build crit characters both in Genshin and HSR (so I am very happy for the new break meta in HSR as I finally don't have to use a crit team on one side and can just put my dot team on one side and my break team on the other). Neuvi has been the only exception to this. I really don't enjoy it and settling for building a crit character properly makes me feel like I can't enjoy other characters as I won't have the time to build them as well. It doesn't help that I go day to day feeling like I make no progress or when I finally think I do it goes back to being bad. I am not even talking about perfecting builds I am talking about even getting a decent crit ratio that is on set.

Basically building crit gives me burn out and I tend to miss team damage by not build crit on supports that can use it because I don't tend to find that extra damage worth it and prefer to keep those supports purely as supports unless I happen to be farming their domain and get lucky for them.

So is there something else I can do to improve the team's damage? Something of higher value compared to resources put into building a crit ratio for XQ while still meeting ER requirements. Or should I pull up my boots by the straps and finally finish building a crit unit that is not Neuvillette?

Also I use sacrificial sword r3 for XQ. My only Fav sword I have given to Furina but I can give her the fishing pipe sword (I gave it to Bennie as it had higher base atk but I only use Bennie for navia or Alre teams which I am currently not using) and then give fav to XQ if it is better than a non r5 sacrificial.

Also sorry I have gotten a bit off track what I want to mainly know at the end of the day is where I have gone wrong with my hyperbloom team and explaining why I would prefer not to build XQ's damage even though he is useable in a lot of teams and would rather just have him purely for hydro application and for interruption resistance/damage reduction. But at the end of the day if that is the only way the team can be improved with the characters I currently have is to build XQ's damage than I will do it.",Question
"I have Nicole and currently also have Lohen in a Team with Xiangling, Bennett and Nicole. So who of those would you substitute with Albedo (Don't have Citlali or Xilonen)",Question
"I plan to include sucrose soon, only skill rotations no burst because I'm not confident in Citlali's cryo application. Would EM still be better there?",Question
"\[Lohen\]

What would my best Lohen team look like without Nicole? I've tried Lohen, Durin, Mauv and Xilonen, also tried Lohen, Durin, Emile & Xil or flex. I know Nicole would be the best option i sadly didn't get her tho.",Question
"[Sucrose]

I’m a relatively new player to genshin (started in Nov 2023). I dont think I’m making full use of Sucrose’s grouping. Im currently using sucrose in the second half of 11-1 on this 4.7 abyss, and I find that the cryo and hydro slimes don’t get pulled much when using her skill or ult. Is there any better way to use her for grouping?",Question
"Hello partners,
I'm back after a looong break, and luckily I got Alhaitam on the banner, making it the best DPS I can use. I need advice to build a decent team around him, what do you recommend?

In addition to the characters listed down, I have Sethos and the possibility of Dendro MC once I progress in the story, so I can count on him for the team if necessary.

https://i.postimg.cc/VNzRTjMx/Polish-20240612-042339035.jpg

Ty very much in advance!",Question
"Thank you!

I'm not bad at bosses to begin with, my Keching is very strong. It gets difficult for me when I rely on elements of characters I haven't leveled up. What I find most tedious of all, apart from the resin, is having to search for flowers, items, farming for monsters drops etc My problem is that I played Genshin for the first month and now I'm back, of course, with a lot of content, but almost no characters and badly distributed resources. That's why I want to have some kind of goal.   
  
I want Furina because I like her a lot in general, so I'll get her, but I think I need another DPS as you say. I like Venti a lot and I have him pretty built, I can leave him in my team with Keching (but I lack sustain).  I

f you don't mind I can send you a private image of the characters I have (if you are interested in helping me, if not it's not a problem). 

The truth is that I'm missing a DPS that I like as much as Keching for example... Gameplay wise.",Question
"Oh wow, thank you so much! What a detailed response. My daughters will absolutely love seeing Yaoyao in my party.  I kind of have to keep one of the “cuties” around for them lol. Let’s just say Sigewinne will be in my future, especially since I missed out on Klee.  
XL lol.  *sigh* It was worth a shot.  
  
Im assuming I need Dendro MC’s cons. Still working through the Archon quests and currently in Inazuma.  Either way you gave me enough (alts) to work on until then.
  
I apologize but by 2p2p for Clorinde, that’s artifacts set, yes? But I don’t know which you mean.  Right now I have Gladiator and TF on her since that’s what I had on-hand. Been putting off artifact farming, but I’ll start adding a run or two into my dailies.  
  
Last question: Does my lineup change if go for Furina ?  From what I’ve read, she works well for a lot of team types.  Thought she might be good to have even if i don’t make use of her right away.",Question
"\[Razor\]  
Which is more worth it as a “little spending” player: getting Gnostic Hymn 4x more to refine Serpent Spine, or waiting to roll for SoBP or WGS? For Razor phys DPS.",Question
"My current main team is navia, yelan, furina, Linnea and I would replace yelan with Columbina, but I don’t have any other lunar 5\*. I do have multiple electro dps tho and other geo dps, so do you think it would be smarter to pull bina for my teams and just wait for other 7.x chars?",Question
"How does getting characters in the wish shop work? Can you only gamble with fate for characters? Also, if you don't get the one you want in time, do they ever come back/are the characters in rotation?",Question
"Thank you so much!! I also have raiden, do you think she could replace fischl for off-field electro? Also, should I focus more on atk, crit, or a healthy amount of both for DPS Nicole?",Question
"I am new to genshin (3 weeks old account), help me build a party

characters: 
kaeya(60)
bennet(60)
lisa(51)
noelle(60)
tighnari(50)
barbara(50)
amber(50)
Kuki shinobu(40)
beidou(20)
ningguang(9)
lynette(1)
chongyun(1)
sethos(1)
traveler(11)

I am AR35, planning to build a team before the ascension quest",Question
"\[Clorinde\]

I have haran and mistsplitter. Which one should I equip if she has the same cr/cd ratio?",Question
"characters and teams: [https://imgur.com/a/IApF37e](https://imgur.com/a/IApF37e)

any suggestions to improve my current teams? would it also be worth it to build my other 5\* characters? thanks!",Question
A team having jean and I have fischl xianling Layla faruzan razor and Thoma beidou and Bennett,Question
"Need help clearing the 11-2 abyss ;-;  



[Characters I have ](https://postimg.cc/ZvbYWKfg). 

I have invested everything I had in Neuv and now there are two big water things blocking my way",Question
"\[Mavuika\]

What teammates should I use for mavuika?

I don't own many characters as it is a new account

Chars i own that aren't in use;  
amber, kaeya, barbara, razor, xiangling, xingqiu, bennett, noelle, sucrose, yanfei, kujou sara, collei, faruzan, dehya, mika, lynette, kachina, aino, jahoda, traveller

My current/main team is  
tighnari, fischl, lisa, and kirara.

Any alterations to that team that you could suggest are appreciated too.",Question
"Characters: Alhaitham, Furina

I'm just coming back from a about 2 Year genshin break so I have no idea of any dendro reactions. I just coincidentally pulled Alhaitham for fun a while ago so now I've decided to try an use him.

IMPORTANT: I do have Furina guaranteed and I will pull for her for sure.

So that means, I'd really like Furina with my Alhaitham if that's the best option. I have no Idea how compatible she can be with my other DPS' so if you think she'll be better with someone else please tell me :)

Also IMPORTANT: I'd rather not have another Dendro in my Team because I barely have any and don't want to build Collei or Traveller. If I can get Yaoyao one day I would build her for Alhaitham if that's good.

Also, while you're at it, it seems impossible but i cant fully complete Abyss. I lay more focus on building my DPS' just because i like them more so that could be why. But it would be great if you could suggest me 2 Abyss teams which will almost always work. I do have Staff of Homa, Mistsplitter and Skyward Harp twice.

I am willing to build and level the Characters you'll be suggesting.

Thank You :)

[https://imgur.com/a/R2FMN9U](https://imgur.com/a/R2FMN9U)",Question
"Anyone can give some recommendation for a Alhaitham team.

I am thinking pairing Yae in the team with him since I can't seems to find a proper team for Yae. 


I am thinking of 2 electro (kuki/raiden/fiscl?) + 2 dendro (traveller/collie?)

My characters: https://imgur.com/a/XjWukPP



My team I have use in the past:

1) Xiao + double geo 

2) Hu Tao + double geo

3) Ganyu freeze team

4) Ayaka freeze team

5) Classic Xiang Ling team with Raiden",Question
2 cyro and 2 pyro?,Question
"Guys can i defeat the abbys with nefer-lauma-columbina-ineffa for the first side

And durin-furina-charlotte-nicole for the second side i already somehow 3 stared the first side. I dont have mavuika or an on field pyro dps. The only natlan dps i have is varesa and she isnt really built",Question
"Ah, the recommendations for Durin + Nicole with Lohen really overshadows Xiangling + Bennett but glad to hear they can work too. Sounds like Citlali will be a good investment then and the priority. I can then get Lohen or an on-field Pyro DPS (maybe Yoimiya, maybe someone else) in the future.

I'm not doubting Sandrone's or Stellar's power but rather just waiting to see what other DPS' and supports will be released first so I don't get locked into Sandrone too early and waste the opportunity from other investments.

>Mualani actually is decent on your account either, although if you do decide to pull her, you should also pull Durin.

Could you clarify if Mualani is a good idea or not? The words say it is but the construction of the entire sentence makes it sound like it isn't so I don't know if you made a typo.",Question
"Thanks, will keep that in mind for sure especially with the Furina banner incoming.

  
What about a team with the characters I currently have? Or if you can advise me which ones are actually worth investing in (as in resource farming, lvling, artifacts etc)?",Question
"The first team is still better with Kaeya as your cryo applicator. The dps is about \~95k. With C0 Chev for overload, your dps is \~82k",Analysis
"Its kind of weird, there are reasons to pull her, but I also wouldnt pull. While she does have good synergy with your existing characters, you wont miss out by skipping her.

Synergy with existing characters:  
Childe, Durin, Nicole, Citali (Not significant enough of an upgrade, Kazuha is a strong alternative)  
Skirk, Furina, Escoffier, Citali (use either Mona/Xingqiu)  
Neuvillete, Furina, flex, Citali (Ineffa is better here and cryo doesnt fit that well for endgame content)  
Arlecchino, flex, flex, Citali (Not a significant upgrade)  
Gaming, Bennet, flex, Citali (very strong upgrade if you want to invest into Gaming)  
Chasca, Durin, Nicole, Citali (very strong upgrade if you want Chasca melt)

So it kind of is up to you. If you decide to get her, there are teams you can use her on. But, shes not going to be that strong of an upgrade unless you want to build melt teams.",Analysis
"Assuming you’re including the free crit rate from her passive:

Even if it has less synergy with the EM sands, I’d go with Haran for the better crit rate. 60 is *quite* low if you have that much crit damage.

Haran is also (according to kqm) her second best weapon, so idt it’s a good idea to change her sword just to match her sands. If you’re already using LoFI an EM sands gains value, but that’s only relative to using an atk% sands on the same weapon.

If you want to check with Genshin Optimizer you can also either just upload your current build and compare her average damage with each sword (so not worrying about optimizing artifacts), or use an artifact scanner to record your screen and upload your whole account quickly.",Analysis
"Right now your biggest issue is a lack of good hydros. Something like 75% of good teams use a hydro, including the most common ayaka and Hu Tao teams. The best team you can make rn is Yae, Dendro MC, Fischl, and Jean. If you want Hu Tao or ayaka teams I can make something, but I'd suggest waiting on that.",Analysis
"A XL-Bennett-XQ would be very helpful and strong for Abyss. The flex slot can be an anemo character 


 Neuvillette-Kazuha-Chiori-Lisa Chiori is usually paired with another Geo character to utilize her Ascension 4 passive, but you can still do this team if you want to use her https://keqingmains.com/neuvillette/ 


Alhaitham-Dendro MC-?-? Can be an anemo + electro or double electro (Spread team) or Xingqiu + electro (quickbloom). Your only off field electro is Lisa though, and she'll appreciate an electro teammate for energy recharge help. You can also check Alhaitham's KQM guide for more teambuilding info",Analysis
".992\*1.575 = 1.5624  
.681\*2.038 = 1.387878

So, the first one (with more crit rate). 1.6x damage 99% of the time is a bigger actual increase than 2x damage 68% of the time",Analysis
You need to do much more like positioning so that the enemies come to you. Sucrose isn't a very good grouper especially when there are larger enemies.,Analysis
"Eventually you'll need 2+ teams for harder content, so I say keep using them both!  
Clorinde would also benefit a lot from some dendro support characters and/or Xingqiu to reach her full potential.

You're early enough in the game that you can play whoever you like, really, so if you enjoy her playstyle more then by all means, switch to her for now.",Analysis
"HM. I'd probably recommend:  
Neuvillette - Furina - Sucrose - Baizhu  
Alhaitham - EM Raiden/Lisa with very high ER - Nahida - Barbara  
OR  
Neuvillette - Furina - Sucrose - Layla or Charlotte  
Alhaitham - EM Raiden - Xingqiu - Baizhu

Sucrose - Xingqiu - Xiangling - Bennett is also a very strong team. You could also swap Sucrose for Raiden and run ""rational"" with a normal DPS Raiden build.  
Neuvillette - Nahida - Dehya - Furina or something could also work, probably with Dehya on full EM for burgeon.

Fischl, Kuki, or Yae would make Alhaitham team building a lot easier, but for *now* I think putting Raiden on a full EM build where she just triggers hyperbloom with her skill is your best electro option for him.",Analysis
"No real team to recommend as you're (obviously) missing a lot of important units. I'd just keep xiangling and fischl leveled up and ready to go as these two can probably individually carry you through most of the content on their own. Don't forget about weapons and talent investment. 

I'd be on the lookout for some 4 stars that can immediately improve your account, bennett, xingqiu and beidou are strong contenders of 4 stars that can significantly improve your account. Beidou, xingqiu, sucrose, and fischl is a strong ""taser"" team with electro charge reactions(electro + hydro) and sucrose constantly swirling, another team would be xiangling, xingqiu, bennett, and sucrose, a similar team but instead of electro + hydro, its pyro + hydro with xiangling and xingqiu making vaporize reactions. 

I also recommend leveling up all of your characters to level 20 and ascend them once so they're level 20/40, because you can get a standard pull from this, and looking just at your roster, that is 7 standard pulls ready to be picked up.",Analysis
"1. Actually, if I am not mistaken, the best thing to do in this specific team is to give Hakushin Ring to nahida, since it buffs half the team. Both Skyward Atlas and Widsith are on \*average\* the same dmg on aggravate Yae, but if you have trouble clearing content, you can simply wait till you get DMG% buff since its really strong.

2.If you just want a comfier Arle team, I would be heretical and switch out Xingqiu for Layla, and just do a ""mono pyro"" team with Layla. (Maybe you should get a second opinion of this, the other option would be to switch Kazuha for Layla but I dont think thats actually better).

3.If you have the time, I recommend you do some of the Aranara Quests in sumeru so you can unlock Sapwood blade to give that to bennet. While Favge is a good weapon, its bound to have a better wielder in another character(In the team  above, either Layla or Kazuha).

4. Funny enough, I think the best al rounder team you could do right now would be Arleccino, Fischl, Yae, Chevy, because they \*are\* the characters that you should be focusing on building and it has dual elemental dps so you dont cry when you face either pyro or electro slimes in the wild.",Analysis
"No problem. BTW, personally I enjoyed the Dendro version of traveler the most if you wanna try that one out (just touch a statue of the seven inf Sumeru); thou I was ""forced"" to leave them in Geo (my least favorite) forever because of puzzles requiring 1 or 2 constructs... XD

Also, if you really enjoy any of the characters you are currently playing (like Lisa, which I see it's quite higher than the rest) feel free to keep using and leveling them. The game, most of the time, is more about enjoying your character than picking a stronger one. Thou you may want to start considering elemental reactions; while you can pick ANY character, you need to build your team accordingly to support your character of choice.",Analysis
"I'd probably go with set A — I assume your Xiangling is on a normal DPS build not full EM, so she'll do more damage with Bennett and Chev to buff her (not to mention that team reduces her energy needs by a lot).  
Sara also isn't particularly good before c6, sadly, so I'd sooner use Xiangling or even someone like Fischl in your set B Raiden team.

Which teams are good depend a bit on what floor you're trying to clear, though. For the current abyss floor 12, I might run A2 on the first half and A1 on the second half, since A2 will struggle to deal with the pyro shield on 12-3 second half.",Analysis
"Lohen, Xiangling, Bennet would be your main core if you dont have Durin and Nicole

Your 4th slot can be (in descending order of strength): Citali, Xilonen, Albedo (esp c1), Sucrose, Iansan",Analysis
"That's in part why she isn't considered that great a grouper. A large part of her grouping comes from inward stagger, which means you'll need to have first broken the enemy's poise. Sucrose's own skill poise damage is fine for lighter enemies like hilichurls, but larger enemies pose a problem. 

Historically she's been put in taser teams since electrocharged steadily drains enemy poise and makes them more susceptible to her grouping. Other than that, not sure if there's an easy, short cd way to break enemy poise given how quickly the slimes spawn in. Perhaps supplementary crowd control or a taunt could suffice. Or slow playing the chamber so that you can wait for Sucrose's skill to come off cooldown between slime waves.",Analysis
"If you're looking to play optimally, it's the safest bet to save up a ton and pull a full set of (new) synergistic characters, since all the endgame combat content is designed around them these days. If you're just looking to progress through the overworld, you can just pull for whoever interests you since you can make all of them work well enough with some teambuilding knowledge.",Analysis
"Okay. In my opinion, Arlecchino is better, because for Neuvillette, you typically need a shielder since every hit will interrupt his charged attack and you can't dodge when you're doing his charged attack. For Arlecchino, even though she can't heal in combat, you don't really need a shielder because you can dodge attacks pretty easily.

So, the best F2P teams for Arlecchino would be Vaporize: Arlecchino, Bennett, Xingqiu and either Sucrose or another Hydro (Candace). I think the team you have for Arle is already good, even with Layla as a shielder. That way you don't have to focus on dodging as much and you can do some occasional Melt reactions.

For the rotation, I'd do: Arlecchino E -> Xingqiu E, Q -> Bennet Q -> Candace/Sucrose/Layla E,Q and then Arlecchino charged attack + normal attacks.

In the future, I'd consider pulling for Xilonen as the future, but the team can work perfectly without her.",Analysis
"Your current Keqing team is quite good if you can manage without a healer! Getting Yaoyao, Kirara, or Baizhu to double as a dendro support and a healer/shielder would help it feel comfier.  
If you're struggling to stay alive, you could sub in Kokomi instead of Sucrose, or even Albedo for some crystalize shields and an EM buff, but those teams will do less damage.

I'd say Keqing aggravate is your strongest option rn, but you can also try some Xiangling vape teams with Xiangling, Bennett, an anemo support (Sucrose > Lynette but both work), and either Barbara or Kokomi to apply hydro from on field. Neither of them are *ideal* as a hydro enabler for Xiangling, but they'll work fine.

If you like your cryo characters, you could also run a freeze or melt team.  
For freeze, Kokomi + anemo + any two cryo units of your choice (Rosaria + Kaeya if you want Kokomi on field, one of the two + Chongyun if you want a cryo unit on field).  
For melt, Bennett + Xiangling + Anemo + either Rosaria or Kaeya, or run double cryo but no anemo.",Analysis
"Nahida, Raiden/Kuki (full EM), Xingqiu, flex (Shield or another Dendro/Hydro) is a strong Hyperbloom team.

Raiden, Xiangling, Bennet, Xingqiu is a rather comfy option for Overvape team.

Nahida, Fischl, Beidou, flex (shield, anemo with VV, another Dendro) is a good Quicken team.

If you need more info you can check each character's guide in KQM.",Analysis
"Eula/Raiden/Nahida/Kokomi or Yelan. Use Nahida's skill, Kokomi skill or Yelan's skill+burst, Raiden's skill, then just attack with Eula. Very straight-forward. You could also use Neuvillette/Fischl/Beidou/Anyone you want. I'd recommend Kazuha for the last slot since he reduces sprinting stamina and basically has a double jump (good for overworld exploration) and can buff some damage.",Analysis
"Any character you run on that team can use basically the same build: ideally a Marechaussee Hunter vape DPS build.

Give him a pyro% goblet and a crit circlet, 4p MH, and balance his stats around all the free crit rate you get from running MH and Furina.  
An attack% sands and an EM sands both work, but with Bennett and Xianyun I'd say EM is more valuable. Choose whichever one has better substats though, and consider running an EM weapon if you use an attack sands and are lacking EM substats.

Any crit polearm will obviously work great, but if you want *non*-crit options:  
Dragon's Bane, especially at r5, is fantastic and maybe his best option that isn't crit  
Lithic spear is solid if you have it, with two stacks of the passive  
Missive Windspear and Kitain Cross are your craftable f2p options",Analysis
"Ideally you’d add a second electro character, actually. Fischl is prob the best fit.

Beidou is a great damage dealer, but as a solo electro character she needs a LOT of energy recharge to the point that her damage suffers. Running her with a second electro can get her ER needs as low as 140% and make her deal a lot more damage.",Analysis
"Lohen is not bad here, honestly. You can run a team with Xiangling and Bennet. If you decide to pull Citali, your team dps would be \~90-100k. I'll let you decide if thats an acceptable damage number, but its enough to beat abyss.  
Citali is good if you want to pull Lohen as well. Shes a great support on his teams and like you said, Gaming as well. Shes usable on yoimiya, shes kinda alright. Shes not good on Mulani since Mulani is just vape.

Mulani actually is decent on your account either, although if you do decide to pull her, you should also pull Durin. He'll be a great teammate for Mulani and Lohen. If your lucky (or unlucky), get Mona as well. Hex Mulani (Durin/Pyro MC/Xiangling, Sucrose, Mona) is her best team.

Yoimiya and Raiden are pretty bad pulls. The only justification for pulling for them is that you like the characters. But otherwise, they are likely to brick your account (especially Raiden. Yoimiya isnt so bad since you dont have a pyro dps and Gaming is c0). Yae on the other hand, is actually pretty good if you want to pull Sandrone as well. Shes Sandrone's most impactful teammate especially at c1 (which you can get for free).

Another thing is your decision to skip Sandrone. Sandrone and stellar conduct already look extremely promising and the common public sentiment is optimistic. I dont think a ""wait and see"" approach is needed, since her best team's dps is 120k+ (Nicole, Escoffier, Yae). A dedicated support could easily push her past hexerei dpses and close to the ranks of lunar dps (or possibly surpass them, who knows). Theres nothing wrong with skipping Sandrone, you can always pull for the upcoming reactions, unless you want Yae, in which case grabbing both of them is a worthwhile investment.

So, when it comes down to pulls, you want to pull in pairs. Either Lohen + Citali, or Sandrone + Yae. You can grab Yoimiya/Raiden/Mulani on the side as well.",Analysis
"1. Clorinde, Fischl, Yao², Lynette

2. Your best first team for the abyss is probably the above one lmao. For a second team you can:

Bennet, XL(Sorry cant escape her), Xingqiu, Eula(?);

Dendro Main Character, Xingqiu, Heizou(Until you get sucrose), Fischl(You can slot beidou in the 1st team, its worst, but you C1R1 Clorinde should carry you)

Eula, Diano, Lisa, Layla\[I dont like this, Eula without the upgrades its rough sorry\];

Right now, I recommend the following leveling order: Clorinde talents+weapon to max you can if you havent, give her so 2p2p, Fischl talents and stringless to max you can, and farm the marechassause/golden troupe domain for her and maybe a 2p for Clorinde, Get a 4p VV(not needed to min max it); You level Yao² a bit and then give instructor or tenacity or anything lmao. And \*then\* you focus on \*one\* of the other team that you want.",Analysis
"I would heavily recommend going Aggravate anyway, not having Fischl or nahida is a pain, but Aggravate is still going to be better. I don't have your character info so I'm going to keep it more generalized. You have 3 slots, Dendro, electro, and flex. Dendro is ideally Nahida, the second best option is DMC and it isn't that much worse. The electro slot is ideally Fischl, but second is Yae, third is Beidou (c2+ and not single target), 4th is Lisa, it is worth noting that the gap between Fischl and Yae is much bigger than the gap between Yae and Lisa. Final slot is flex, Sucrose and Kazuha are about even, Sucrose will increase damage more, Kazuha groups better, if you have neither Bennett and Lynette are fighting for 3rd place.",Analysis
"Alhaitham + Fischl + Dendro Traveler is a great core for him. The last slot *can* be Beidou but that means you have no healer/shielder — if you want more protection, run a healer or shielder of your choice. Zhongli or an electro healer is ideal, but Barbara or anyone else who won’t ruin reactions is fine (just probably avoid pyro).

If you get Kuki (or Raiden) you can start running hyperbloom teams with him, with hydro units like Xingqiu. Getting Yaoyao, Kirara, or Baizhu will also open up more teams. Also consider getting Nahida, since she’s a huge upgrade over dendro traveler.",Analysis
"Yelan will apply too much hydro and turn your team from quickbloom into hyperbloom, which exclusively scales off EM and character level, which clorinde is not built for. Instead you would want a zhongli or anemo character with a 4 set viridiscent venerer in yelans slot. Your team would look like clorinde, fischl, dendro, anemo. If you have a furina though, then it will be worth running her, as her hydro application is alot slower.",Analysis
"Furina - She has 2 skills: Her skill (damage) actually drains all team member's HP so you might have problems with surviving more. But she is known as a great character because of the damage buff from her burst. Her other skill (healing) is more on emergency use because her skill (damage) is better for overall team damage. Putting Furina in your team also warrants Layla to be changed to a healer to maximize Furina's kit.

Kokomi - is a great healer but you have to be at a certain distance from her jellyfish. The enemies should also be near the jellyfish for her hydro application to work. I personally do not have her to try though.

Xingqiu is actually really great for Wanderer to contribute in damage, because Faruzan and Layla help on buffing/helping survivability for Wanderer respectively, than dealing damage. XQ is not a healer so you can look into your other characters instead. +1 on the other comment to work giving Layla as much HP build as possible instead.",Analysis
"It's a bit early for you to be worrying about spiral abyss, but I'd suggest switching Lisa and Bennett out for Chongyun and Xingqui, as for your second team, I'd go Sethos DMC Sayu Collei. 

I have to ask, what do you mean by an encore team, I've never heard that term before and I consider myself a veteran team builder.",Analysis
"**For Xiao:**

If you get Furina, you should definitely spend some time prioritizing the Marechaussee Hunter + Golden Troupe domain. Xiao can use MH, and Furina can use GT, so it should be pretty efficient. On that team, I'd put Jean on 4p Viridescent Venerer to increase Furina's damage, so I'd maybe strongbox it while farming that domain.  
You can work on all 3 of those artifact sets at once, and I'd prioritize them over Zhongli. Xiao's current build is really not bad though, so if you want to work on your other team first that's pretty fair.

For stat priorities, I recommend just looking at their kqm (""keqingmains"") guides for reference, scrolling down from these sections:  
[https://keqingmains.com/xiao/#Baseline\_Stat\_Recommendations](https://keqingmains.com/xiao/#Baseline_Stat_Recommendations)  
[https://keqingmains.com/furina/#ER\_Requirements](https://keqingmains.com/furina/#ER_Requirements)  
[https://keqingmains.com/q/jean-quickguide/#ER\_Requirements](https://keqingmains.com/q/jean-quickguide/#ER_Requirements)  
[https://keqingmains.com/q/zhongli-quickguide/#Artifact\_Stats](https://keqingmains.com/q/zhongli-quickguide/#Artifact_Stats)  
(Other guides available on the same website for your other team + Albedo)

Look out for Faruzan and Xianyun, who will both upgrade the team quite a bit over Zhongli and Jean.

**For Childe national:**

Great classic team! Get Kazuha full elemental mastery viridescent pieces while strongboxing them for Jean, and at some point farm or strongbox a good 4p emblem set for Xiangling. Bennett will be usable with just a ton of ER, but eventually he wants to be on 4p Noblesse. Childe has quite a few options, but I'd start him on a 2p2p combo if he isn't built yet so you can start using the team asap. Consult [keqingmains.com](http://keqingmains.com) for detailed info on stat needs, good weapons, ideal artifact sets etc.

Good luck building them!",Analysis
"Nicole + Venti + Bennett + Fischl came to mind, should be fun with all the swirl and overloads.

For gearing, this is the most reliable guide:  
[https://docs.google.com/spreadsheets/d/1gNxZ2xab1J6o1TuNVWMeLOZ7TPOqrsf3SshP5DLvKzI/edit?gid=2001372201#gid=2001372201](https://docs.google.com/spreadsheets/d/1gNxZ2xab1J6o1TuNVWMeLOZ7TPOqrsf3SshP5DLvKzI/edit?gid=2001372201#gid=2001372201)

Specific artifact i might choose for this team:  
Nicole = Celestial Gift (support set, but i think still worth it, esp if you want her to be flexible)  
Venti = Viridescent  
Bennett = Noblesse  
Fischl = Golden Troupe

For ER%, you should be pretty safe with this rule of thumb (adjust when necessary):  
\- character burst cost is 90 = 200-250% ER  
\- character burst cost is 80 = 180-220% ER (Bennett, above 200% to be safe)  
\- character burst cost is 70 = 160-190% ER  
\- character burst cost is 60 = 140-170% ER (Venti, Nicole, Fischl, i think 140-150% is enough)  
\- character burst cost is 50 =  120-140% ER  
\- character burst cost is 40 = 100-130% ER

Nicole talent, skill to 10, burst and normal to around 8 or more since she's on-field dps",Analysis
"Pretty much yeah, though they both do good damage of their own. Also you want a cryo DMG goblet on Kaeya and Chongyun allows you to take advantage of that with your normals. 
For dealing with cryo shields, that's the neat part, you don't. You have the ability to decide which team fights against what, so you can just not fight cryo shields with that team. 

As for the Sethos team he naturally wants Aggravate due to his EM scalings working great with it so I just tried to maximize that, though looking back on it I forgot you have Lisa available so use her over Collei.",Analysis
">No idea where to put Clorinde though. 

She's good in aggravate teams. Clorinde - Fischl - Kazuha/Sucrose/Healer/Flex - Yaoyao/Nahida

>I would like to replace Xingqiu in one of my meta teams with another sub-DPS hydro

Yelan is good, but she does less hydro application than XQ, so which team she'd take would depend on whether she applies enough hydro for Tao. 

>So current goals are to pull Xianyun unless there are better meta options that y'all think.

Do you have Jean?",Analysis
"Ah yeah, f2p is just an odd term since technically you can get a c6 5\* as a f2p player, you just have to save or get very lucky. Meanwhile I'm a low spender and I don't have a single skyward harp after multiple years playing the game lol.

Generally when people say ""the best f2p weapon"" they mean ""a weapon that *most* if not all f2p players *will* have,"" i.e. craftables, free event weapons, 3\*s, fishing weapons etc. So Slingshot is Tighnari's ""best f2p weapon,"" but if a f2p player *has* a 5\* option it's definitely better.",Analysis
"Columbina mainly buff Lunar characters so alone she doesn't do much aside from enabling Lunar reactions. We will get Luanr shill whenever Lunar characters have their rerun, but it shouldn't be too much since the main focus will be Snezhnaya shill.",Analysis
"5\* weapons are generally not worth going for unless you have a little over 200 pulls (you have to win both the 50/50 to get one of the rate-up weapons *and* a 50/50 between the two weapons on the banner, and the ""Fate Point"" system only kicks in after you lose twice, at which point you'll have to get back up to pity anyway) and in this case specifically I would very much recommend saving your pulls. Furina is rerunning next patch and she's a fantastic support--she'd work pretty well as the fourth member of your team (you could do something like Alhaitham/Furina/Kuki/Fischl for example)

Also, regarding the two Electro character thing you mentioned--it is worth it in a lot of teams (though not all) thanks to the Elemental Resonance mechanic, which offers specific buffs depending on which element you have two characters sharing (you can check which element offers which buffs in the top right of the party setup screen)",Analysis
"Kuki most common uses are in hyperbloom with a FULL EM build (Flower of paradise or glidded dream(this one is more resin efficient)), Em on sand goblet and circlet, EM weapon (iron sting is ok, the umbrella can also be good), and in a team with  good dendro and hydro (i didnt saw your roster so idk if you have that team prepare for it).

Layla is mostly and ER-hp build to have constant shield and some decent cryo application, and because the scaling, yes, the key is probably one of the best weapons for her, but ER ones are also fine.

Lynette is ""a bit weird"" anemo building. Most of the anemos are buildied in 3xEM (venti, kazu, sucrouse), but shes mostly like a normal dps but with decent ER (so ER-anemo-Crit on sands goblet and circlet). EM doesnt do much on her, its better to either have ER weapon or simply ATK one.",Analysis
"I would replace Kaeya with Barbara, so the team has a healer. Also Cryo from Kaeya can ruin the Hydro aura that Durin wants for Vaporize.

Only for now tho, when you get Bennett, he will replace Barbara.",Analysis
"If you really want the build to be interchangeable best option is probably to farm deepwood and strongbox either clam or tenacity. If you’re playing any team that deals dendro damage, you definitely need to pick deepwood, and it’s generally the number 1 pick for Baizhu and Yaoyao

In terms of the strongbox, if you really want an interchangeable build, you’d probably strongbox clam, since it’s useable on both Yaoyao and Baizhu. I’d personally recommend tenacity though since it’s useful on way more characters than clam is. Issue with that is that 4pc Tenacity is useless on Baizhu, the 2pc is fine though. Pick whichever you think suits your needs more.",Analysis
"If you just want to do overworld stuff its probably haitam, Bennet, lisa, collei. It might take you a bit to be full energy but it should pack enough punch regardless",Analysis
"Refer to [KQM's Furina team guide](https://keqingmains.com/furina/#Teams) for recommendations since I don't know what characters you have built.

The team you're thinking of can work. A few things to note though: You don't need to care about energy particles from Kokomi because they're not much and also Raiden gives a lot more. Venti's CC is good but mostly never utilised in endgame content cuz the devs don't put small enemies in higher difficulty levels.   
A better variation of the team would be: Raiden+Furina+Xianyun/Jean/Sayu+Yelan.",Analysis
"The lack of Fischl is a shame for Keqing teams, but, for overworld:

Keqing + Venti + Baizhu + flex, imo. Venti is both an archer and great for overworld because of his hold E, and Baizhu is a very comfortable overworld healer (and great for Keqing).

Your last slot could be another dendro or electro character of your choice, another anemo character (notably Lynette) for faster movement speed while exploring, or Xingqiu for some hyperblooms on the side.",Analysis
"Durin Nicole Raiden Xingqiu

Mona Durin Nicole Sucrose

I guess you can also try Durin Nicole Xiao Sucrose/Prune, but you ideally want C6 Faruzan as your Anemo support here. Unsure how much of a loss it would be to use Sucrose/Prune.",Analysis
"You have the characters for one of Alhaitham's best teams — Alhaitham Xingqiu/Furina Kuki Nahida — so if you like his playstyle then I say go for him! He's quite strong.

You could also run a pretty decent taser team right now with Beidou Fischl Furina Jean. The team has no main DPS, but you can use normal attacks on anyone to trigger Beidou's burst and do a lot of damage overall. Jean + Furina is a fantastic combo in general.

If you want a change of pace for Childe, just swap in Nahida instead of Xiangling on your usual team and you have a fun burgeon team.

Xiao Furina Faruzan Jean is a good team if you like Xiao, and if you can get Xianyun she'll buff Xiao's damage by quite a bit.

As for other future characters to pull, if you're looking for more main DPS options there is of course Alhaitham, and pretty much every Fontaine DPS has been solid. If you like Arlecchino, Neuvillette, Lyney, or Navia they're all quite good. Hu Tao and Raiden also still have a lot of solid teams.  
For non-main-DPS characters, Xianyun, Yelan, Nilou, and Kokomi come to mind. It really depends what sorts of teams you're interested in playing.",Analysis
"It depends heavily on the team!  
Who are the other two characters you're using?

Alhaitham - Kuki - Nahida - Furina is arguably his best team, for what it's worth, but Yelan fits on it nearly as well.

If you aren't using Kuki that changes things (and depending on your electro character hydro may honestly not be that good for Alhaitham at all, since it doesn't benefit *him* it just helps set up hyperbloom).",Analysis
"I'd use Charlotte between the two. There are probably better 4\* options than either of them (I see Fischl on that team a lot and Yaoyao or a shielder could be useful), though.

I'm not experienced with Clorinde, but I believe she's already hitting *some* hyperblooms herself so off field EM Raiden won't be contributing that much to the team. You can always use her on field as a dual carry (and battery the team that way), but idk how comfortably that'll fit into your rotations, and spending less time on Clorinde on a Furina team with no healer may feel very vulnerable.

Charlotte filling up Furina's burst faster, keeping the team above 50% HP (for comfort *and* Furina's personal damage), and occasionally helping generate BoL sounds preferable to me.",Analysis
"Columbina on her own enables all lunar reactions, but does not make them ""good"". You'd need to pull more dedicated characters for each reaction. I'd just start saving for stellar stuff honestly.",Analysis
"Not really, Alhaitam biggest dps teams AFAIK are with nilou and/or nahida, which neither you have, and as said in the other comment, you dont reaaally have unit diversity to do much else, so dont worry about it",Analysis
"Hard to say since there are so many options!

In general you could really use a good anemo support, since they’re important on a lot of teams — Kazuha is probably the best for that, but may not rerun for a while. If you see the 4 star Sucrose on a banner she’s great too.

If you like dendro, Nahida is *amazing*. Fischl and Kuki are 4 star electro characters who also show up on a ton of dendro teams and are worth grabbing.

Furina (who has a banner this patch!) is a really strong buffer and off field damage dealer, and works great with healers like Jean so you’d be able to make some good teams with her.

Imo you could also use a 5 star main DPS, but for *that* it’s really up to you. There are a lot of strong options, and they’re way more interchangeable than supports, so I recommend looking up some gameplay footage and seeing who looks fun to you.",Analysis
">Clorinde is not doing much damage with atk% sands but when I swapped it with hp% she started doing a bit better.

Clorinde has no damage at all in her kit that scales with HP%, so something else is going on here. HP is useless for her, and her attack on her current build is extremely low.  
You may have had different buffs when you compared damage, or may be misunderstanding something else about her kit (or comparing crit damage to non crit damage or something), but *definitely* don't run HP.

It's also worth noting that Raiden and Clorinde basically do the *same* thing — they're both on field electro main DPS — so they don't work well together. You'd probably get more out of your team replacing one of them with Fischl or Xiangling, since as-is they'll just be fighting over field time.

Clorinde's best teams are also *aggravate* teams, which include dendro. You can run her in Chev overload comps, but imo you may as well run Raiden with overload and Chev with aggravate so you can have independent teams for both of them.

There's some good info on Clorinde's build and teams here: [https://keqingmains.com/q/clorinde-quickguide/](https://keqingmains.com/q/clorinde-quickguide/)",Analysis
"First half should be quite easy with Mavuika, Citlali, Sucrose/Kazuha, Bennett. 

For second half you can try either Nilou bloom team so only dendro and hydro characters - Nahida is obvious choice, Baizhu might be also good for shield and healing. For last slot I would try Neuvillette. But idk if it's best bloom team you can make.

Or you can try hyperbloom - Nahida is again obvious. To trigger hyperbloom you need one electro -  Kuki Shinobu/Raiden. And then you need hydro and flex. For which I would start with Neuvillette, Furina/Baizhu.",Analysis
"Hutao, Yelan, Furina, Xianyun is quite reasonable. The only Ganyu team I see these days is melt with Xiangling,bennet and zhongli, I dont have her so cant help much more sorry :(",Analysis
"Charlotte's cryo application is too slow. You can use Rosaria or Kaeya/Escoffier if you dont have her.

I dont think Escoffier will be relevant, Im doubtful that hoyo will do anything to freeze in snezhnaya. 

Its hard to say for Citali, she has good cryo app, shields and can hold scroll. But with that said, her pyro/hydro res shred passive is likely to be useless in snezhnaya. And so because of that, I dont think shes relevant. She could be replaced by 4 stars cryo off fielders, or new 5 stars that can synergise with the new reactions through buffs or personal damage. Leaks show that qiqi is the premier cryo off fielder for the new stellar conduct reaction.",Analysis
"Yup! The Haran build is better.

If you look higher up on the screen there should be a toggle between ""Non-CRIT Hit DMG"" ""Average DMG"" and ""CRIT Hit DMG"" (right next to the toggle for aggravate). If you turned it to just crit damage I'm sure the higher cd build with be better, but *average* numbers are higher for Haran it seems.  
Which makes decent sense — .71\*2.345 (234.5% damage 71% of the time) = \~1.66x damage on average, while your Haran build has \~1.59x damage just from crit stats, on average. So *purely* in terms of crit your LoFI build is better, but it's a small enough gap that Haran's much better passive still wins.

If you want to *really* compare your damage, you can also try to make a custom multi target configuration for her, to compare her full damage per rotation, including aggravate vs non-aggravate hits.  
I don't have Clorinde (and kqm doesn't tell me *all* the details I want to know about her ICD), but it should be something like this (edited because I input too few lunges whoops):

>{""name"":""Clorinde (tentative) multi target"",""description"":""From kqm combo with burst:\\n(Q) 2\[E\] 5\[N3E\] N3"",""targets"":\[{""weight"":2,""path"":\[""burst"",""skillDmg""\],""hitMode"":""avgHit"",""reaction"":""aggravate"",""bonusStats"":{},""description"":""""},{""weight"":3,""path"":\[""burst"",""skillDmg""\],""hitMode"":""avgHit"",""bonusStats"":{},""description"":""""},{""weight"":6,""path"":\[""skill"",""piercingDmg""\],""hitMode"":""avgHit"",""reaction"":""aggravate"",""bonusStats"":{},""description"":""""},{""weight"":12,""path"":\[""skill"",""piercingDmg""\],""hitMode"":""avgHit"",""bonusStats"":{},""description"":""""},{""weight"":6,""path"":\[""skill"",""thrust3Dmg""\],""hitMode"":""avgHit"",""reaction"":""aggravate"",""bonusStats"":{},""description"":""""},{""weight"":12,""path"":\[""skill"",""thrust3Dmg""\],""hitMode"":""avgHit"",""bonusStats"":{},""description"":""""}\]}

Assuming her burst applies electro twice, every 3 pistol shots applies electro, and her 3-hit lunge applies electro once per use (so all standard ICD). You should be able to paste that into the mutli target menu in the ""Loadout/Build"" tab I think.",Analysis
"Melt Sandrone is not recommended. Her kit is too stellar conduct leaning. Your going to get more damage buffs from stellar conduct than a 1.5x on melt. I dont see a reason why you shouldnt build stellar conduct Sandrone since you already have her 4\* supports and qiqi.

You can also choose to skip Sandrone if you dont like her. Columbina is worth it if you have other lunar teams or if you just really like Navia/Columbina.",Analysis
"Tbh Clorinde is *literally* just ""Keqing but stronger,"" so they want the exact same teams for the most part.

\[Electro DPS\] + Fischl + Kazuha + dendro (traveler or Collei for you) is the general template.  
For Clorinde, she has some self healing and can't be healed by others during her skill window. If you can survive on just her self-heal then great, use the team above; if not, try using Xingqiu for his damage reduction (instead of Kazuha most likely).  
For Keqing, if surviving is an issue you can sub in Barbara in the same slot since she can actually be healed.

Clorinde + Chevreuse + some combination of Bennett, Xiangling, Fischl, Beidou, and Thoma is another option, but generally weaker than her dendro teams. Not ideal for Keqing.",Analysis
"In that case I would pull for furina, your only team wide healer is barbara but you are such a new player that this shouldnt be a big deal. (Yelan its also a fantastic unit tho, so I dont think you'll regret either way)",Analysis
"It would be better because of the vaporise reaction. Your team has 2 damage dealers - Xiangling and Fischl. With the pyro + electro combo, you get an overload reaction, which is a pretty bad reaction.

Swapping out Fischl for Xingqiu leads to a vaporise reaction. Its a really strong reaction since it amplifies the damage hits. Xiangling would do 1.5x damage and xingqiu would do 2x damage. Vaporise also benefits much more from the EM buffs that sucrose provide.

You can also consider replacing sucrose with Xingqiu instead. Fischl is a pretty strong character that I believe is worth keeping around. Bennet, Fischl, Xingqiu, Xiangling is a pretty common team for 4\* abyss clears, so maybe its better than the sucrose version? Im not too sure here, but in your case it comes down to preference.

You can pull for Xingqiu (just be careful and dont over pull), or you can purchase him from Paimon's Bargains (available in September).",Analysis
"Clorinde + dendro + some combination of anemo, hydro, and a second electro unit should be your best option!  
She can work on overload teams with Chevreuse, but without her you're better off sticking to dendro.

Clorinde + Collei or Baizhu + Beidou + Lynette could work for you right now.  
Baizhu may be more comfortable since he offers some shielding, and even though Clorinde can't be healed during her DPS window he can keep the rest of the team's HP topped off.

I also highly recommend you get Fischl to replace Beidou, she should be available in the starglitter shop very soon: [https://genshin-impact.fandom.com/wiki/Paimon%27s\_Bargains#Rotation](https://genshin-impact.fandom.com/wiki/Paimon%27s_Bargains#Rotation) so you can get her guaranteed! She does a TON of damage on aggravate teams.

For 4 star characters who fit well on Clorinde teams, keep an eye out for Fischl of course, Sucrose, Chevreuse, Xingqiu, and maybe Kirara.  
For 5 star characters, Furina, Nahida, and Kazuha are all good fits.

Have fun playing her!",Analysis
Charlotte. Her team wide healing is more valuable for Furina (Also diona's healing is bad since its a fixed aoe),Analysis
"Mulani is not a bad. Its pretty 50/50. Right now shes good, but doesnt seem very future proof. 

What I meant to say was, Mulani is decent, and if you decide to pull for her, you should also consider pulling Durin.",Opinion
"For now probably Rust for the ATK% stat, but Stringless and Alley Hunter are better options.",Opinion
"I enjoy the challenge of trying to brute force it, I’m still progressing my game anyway , I’ve been playing for 2-3 weeks and I’ve gone from ar22 to 35 so it’s not like I’m not progressing",Opinion
I was thinking of doing a Alhaitham kuki furina/yelan and nahida team,Opinion
"If you don't have a copy of Furina get one, really. She is the most broken character of the game for me, you won't regret it. She works fantastic at c0, and you can put the festering desire so she works amazingly. If not you can smash the fishing sword of fontaine or even a favonius and she'll work spectacular anyways. And if you can get her to c2, then it becomes a MONSTER.",Opinion
"For now, this seems the most optimal (Vaporize or Mono Pyro):  
Mavuika + Bennett + Kachina + Furina/Kazuha/Xiangling",Opinion
"Thank you so much for the long and detailed reply! I indeed wanted to use Zhongli - Gorou (cuz he kinda cute) - NG (cuz she is pretty) - random flex like Fishl ... But yeah based on your explanation that will not work very well.

I guess that I will then leave her for when IT will require Geo.  Will keep Nighttime Whispers in mind too, thanks for pointing that out",Opinion
"Just do the ones that are likely candidates. I can't imagine it's more than 20, probably less than 10",Opinion
"You dont need it, Nicole provides a shield",Opinion
Oh ok awesome! Honestly didn't realise that most of the team was Main DPS 😆 I don't have Chevreuse atm and not many dendro options unfortunately (my pulls haven't been great) but I do appreciate the advice!,Opinion
"Wow so much info, thanks very much.",Opinion
"In all seriousness, the answer is all of them. Furina gives massive damage boosts so long as your hp decreases and increases which her elemental skill does by itself.",Opinion
Thanks for the feedback!,Opinion
Not particularly. If you have White Tassel it is better.,Opinion
"Thank you so much! Those are very clear and detailed answers, they really help a lot!",Opinion
"Since can reuse, i would go for:  
\- Nilou + Nahida + Yaoyao + Kokomi  
\- Tighnari + Nahida + Fischl + Kuki",Opinion
"Your gonna want to run Beidou (swap for Fischl once you get her), Sucrose DMC.",Opinion
"Thx, what a meant when i said skyward is f2p is that it is available in the standard banner and i got one f2p. I know that It isnt the same for everyone",Opinion
"It's close enough that it's worth using the optimizer for that, wouldn't be able to tell without it.",Opinion
"So sounds like Furina is a no-miss for me! I won't complain, she's too cute. I appreciate your response, I am sure to go for Furina now instead of Clorinde.",Opinion
"Lost the 50/50 💔 on Mavuika 

Done 40 pulls since then 💔💔

Broooo...someone help me farmmm primosss.....I am so close to quit this game .....I don't have a good dps just want to pull Mavuika 😭😭😭",Opinion
"I'm not an expert, but I'm pretty sure you could run the Raiden team with Clorinde Furina Jean Yelan",Opinion
"Oohh!! I thought his burst was really good, because it's recommended to increase his burst before other talents.

I do plan to get C2 kazuha on his next rerun, but will neuvillette appreciate the C2 em? Like should I burst every rotation if I do get C2?",Opinion
Ok thanks a lot for the explanation,Opinion
"Right now Yelan, but you are pretty early, depending on your future plans Furina could be the play.",Opinion
Thank you so much! I appreciate your help :) Just getting back into the game and I'm very confused. Lol.,Opinion
Lanyan (VV+TTDS) is also an option instead of Nicole for Vape.,Opinion
"You still want the usual set, but it's close enough that substats can make up the difference.",Opinion
Thanks that makes a lot of sense!,Opinion
Why do you use tighnari and Barbara both? Either replace tighnari with alhaitham or you can go double dendro and replace Barbara. It's your choice.,Opinion
"For first half, try Arlecchino, Bennet, Charlotte, Layla  
For second half, try Hu Tao, Xilonen, Yelan, Rosaria OR Nahida, Yelan, Kukui, Ororon",Opinion
i think its time to buikd varesa since my bennet is c2(im not lucky with 4 stars) but thank you so damn much you helped a lottt,Opinion
"Its fine, you can make a pretty solid hyperbloom team with your current roster.

Kokomi, Lauma, fischl, Aino would be your team",Opinion
"but if you can snag a copy of Widsith, it's his best 4 star option but you'd have to get it from wishing",Opinion
"He's strong enough as is with a hyperbloom core but Furina gives him a massive boost.

A very fun team that I've played is Neuvillette+Dehya+Nahida/DendroMC+Raiden/Kuki.",Opinion
"Lohen Bennett Xiangling, and i guess Kaeya for lack of other options",Opinion
"tighnari, fischl, kukui, collei

nilou, nahida, yaoyao, xingqiu. Nahida is your main on fielder here.   
Alternatively, nilou, kokomi, nahida, collei/yao yao",Opinion
Xingqiu and Durin. They are used in alot of teams and are great investments long term,Opinion
"Between those, rust. But also unironically the current event bow may be your best option just for the EM main stat, even though she can’t make much use of the passive.

Some of the craftable bows (crescent, the fontaine one) are also decent choices.",Opinion
"Yup! Pretty much any 5* crit weapon will be an upgrade. The passive isn’t useful, but it’s a good stat stick.",Opinion
I see okay thank you,Opinion
"Prune will have trouble bursting, so either Sucrose or Kazuha.",Opinion
Gotta wait for hoyo to add it,Opinion
"Oh ok, thanks.",Opinion
"I mean you can make a cope hyperbloom team with Lisa Barbara DMC, but it won't feel good to play.",Opinion
thank u so much i really appreciate it🫶🏻💗 my team is the old prem bennet furina zhongli,Opinion
"ok I'll do that then, I'll try to get some atk artifacts with good ER rolls",Opinion
Replacing Kazuha with Al-haitham and XQ with Furina will make ur Dendro team much stronger.,Opinion
I’m torn but leaning towards Granny,Opinion
"Thanks for your response and suggestions!! I believe you're right, I should skip Clorinde. As cool as she is (and dayuum), if I already have Raiden and want to diversify my teams then it wouldn't make much sense. 

I never thought about leveling Beidou, sounds like I should invest more on her...",Opinion
"Welcome, and also a follow up if it's helpful:  
When you're trying to build characters and teams, a great resource is [https://keqingmains.com/](https://keqingmains.com/) ! They have guides for every character (you can just google ""\[character name\] kqm"") with a lot of info. It's more aimed at late game players, but you can still learn some from it — notably, they always list which talents are most important to level up.  
For weapons and artifacts you may not have the 4 star and 5 star options they mention, but you can look for 3 star options with the same stats (i.e. if a guide recommends the favonius sword, another sword with energy recharge is a good replacement). Good luck!",Information
"You can get some characters through events or story quests, but for the most part you have to gamble with fates. You can buy a fate for 160 primogems, 5 starglitter or 75 stardust, or get them as rewards for various stuff. Limited 5\* characters are only available from their banner. The 4\*s that run alongside them are *not* exclusive, but you’re a LOT more likely to get them when they’re featured.

There is a pity system, meaning after a certain number of wishes you’re guaranteed to get either a 4\* (10 wishes) or 5\* (80-90 wishes IIRC, but it usually doesn’t take that long).

There’s also a 50/50 system, which means every time you get a character, there’s a 50% chance it will be one of the featured characters. If you lose the 50/50, then you’re guaranteed to win it the next time. That means if you roll a 5\* but it’s *not* the featured 5\*, then the *next* 5\* you get is guaranteed to be the featured 5\*. The guarantee carries onto the next banner of the same type. (Character Wish A and Character Wish B are counted as the same type.)

If you lose the 50/50 you’ll get one of the standard 5\*: Keqing, Mona, Qiqi, Jean, Diluc, Tighnari, or Dehya.

If you roll a character you already own, you get a constellation instead which gives your character extra abilities.

Every character comes back eventually. The repeats are irregular though so you just have to wait for the announcement. [Here](https://docs.google.com/spreadsheets/d/1QLE2W3Suz-UgJCLKWL7FuffZlP5a7QUy/edit?gid=1395288098#gid=1395288098) is a spreadsheet of all the banners as of 4.7, you can predict which characters are most likely to return soon, based on how long it’s been since their last banner.

I hope that answers your questions!",Information
Oh I might just have to name all my character as I cant send an image,Information
"ER is energy recharge, EQ is skill then burst. Also correction in the way I said one thing, Chlorinde doesn't really want ER, you burst when you have it, (preferably before or after e uptime) but you should be focused on other stats.",Information
[Alhaitham KQM Quick Guide](https://keqingmains.com/q/alhaitham-quickguide/),Information
"For early game and overworld exploration, any character can work (including the starter trio) as long as they're properly leveled up. [Infographic of Build Order Priority based on WL/AR](https://www.reddit.com/r/GenshinImpactTips/comments/qkxdj6/infographic_of_build_order_priority_based_on_wlar/)

You can check sites like [keqingmains](https://keqingmains.com/) or [crimsonwitch](https://www.crimsonwitch.com/) for gearing. KQM also has a [newbie guide](https://keqingmains.com/misc/newbie-guide/) that talks briefly about team building, too.",Information
"He's currently used in my neuvillette furina Mika team the most.

Also, I use him in my Lyney Yanfei and Bennett team too if I don't use neuvillette",Information
"I have traveller, mona, fischl, sucrose ,  lisa,  chongyun, nefer, dehya, kaeya, barbara, noelle, jahoda, kirara, aino, xingqiu, amber, mika, beidou, razor, xiangling",Information
"Yes and not really, I think I've actually gotten most of them on other characters wish banners 

Aside from qiqi jean and mona I know for a fact came from the standard banner but the others im not 100% on 
I know Chiori came from a different characters banner ( I think thats called losing a 50/50?? Not sure?)",Information
"when you ascend characters, there are ascension milestones, and going to level 20/40(not 20/20, you have to reach level 20 then ascend them) on a character will give you a standard pull as a reward. It will show up in the top right of the character screen once you level them up and there are 3 milestones. I wouldn't recommend aiming for the other 2 milestones beyond the first because it does take up quite a bit of resources.",Information
"Might be worth checking this spreadsheet [Lohen v3 Calcs, Teams, and Vertical Investment](https://www.reddit.com/r/Lohen_Mains/comments/1supot5/lohen_v3_calcs_teams_and_vertical_investment/#lightbox)",Information
"On my PC the current size is 78GB (with 1 language voice pack), so likely at least double that size to be able to unzip.",Information
"An artifact 4pc set called ""Scroll of the Hero of Cinder City"", obtainable in Natlan's artifact domain.",Information
I've got my lovely C1 Klee and all Hex characters (all 4\* are C6) except Durin- she does work great with Nicole. Guess I'm building Kachina 😄,Information
"You’re very welcome! Since you’re new, here’s a good guide for Alhaitham if you want more info: https://keqingmains.com/q/alhaitham-quickguide/

If you aren’t familiar with that website, they’re the gold standard for Genshin Guides. You can google “[character name] kqm” to find a guide for anyone, with info about their kit, build, and teams.",Information
"The problem is that my PC is a potato and can’t run Wuwa or the other Genshin games properly, Genshin Impact has been the only one to work and I’m kind of fed up on trying to find other games since Genshin runs well (it took a long while to actually download it). I appreciate the help, though :,)",Information
Thanks! I have Flins and Ineffa for Columbina,Information
"Weekly Team/Character Building Megathread (June 10th, 2026) (feat. Lohen and Mavuika)

A megathread dedicated to team/character building Q&A.

Do not post questions irrelevant to team/character building here. They should belong to the [Daily General Question Megathread](https://www.reddit.com/r/Genshin_Impact/search?q=title%3A%22Daily+Questions+Megathread%22+author%3AVeritasibility&restrict_sr=on&sort=new&t=day).

If you have a comprehensive **theory** (rather than a **question**) about how to build a character or a team, you are encouraged to make a dedicated discussion thread outside this megathread, as it can help general players.

This week's team/character building megathread will feature Lohen and Mavuika. If your question involves them, you are strongly encouraged to start your question with a ""[Lohen]"" or ""[Mavuika]"" tag, like this:

> [Lohen]  
> *insert your question*

If your question does not involve them, the following template is recommended:

> Character(s): *insert character(s)*  
> *insert your question*",Information
"Doing the archon quests do not unlock strongboxes. Artifact strongbox update is 2 nations behind (e.g. v4.0 gave Emblem and Vermillion sets that were released on v2.X). By 5.0 it is expected to have strongbox for Sumeru artifact (or v3.X sets), so the current way to get Golden Troupe artifacts is by farming the domain.",Information
"Overworld exploration with Chasca. Though honestly, I only pulled them because I like them 😆",Information
"Sands = ATK%  
Goblet = Geo DMG Bonus  
Circlet = CRIT Rate or CRIT DMG

Substats priority: CRIT Rate / CRIT DMG > ATK% > ER% > Flat ATK

Final CRIT Rate (including weapon): minimum 60%, recommended 70-80%  
  
Final minimum ER% (including weapon), depending on the team:   
\- Double Geo + Favonius Support = 120% – 130%  
\- Double Geo (No Battery) = 135% – 145%  
\- Solo Geo / No Battery = 150% – 160%+",Information
"Iansan - maxed : 

Tamayuratei no Ohanashi

[https://game8.co/games/Genshin-Impact/archives/495331](https://game8.co/games/Genshin-Impact/archives/495331)

or

  
Favonius Lance

[**https://game8.co/games/Genshin-Impact/archives/301951**](https://game8.co/games/Genshin-Impact/archives/301951)",Information
"It's the 1.0 4*, they are in a specific rotation you can look up.",Information
"The Lunar Crit Dmg buff from the weapon only applies to the wielder, so Nefer will not get the buff. Only Barbara gets the buff, but she doesn't benefit from it. Also it will not show up in her stats, as it's different from the normal Crit Dmg.  
Btw is Nefer using her own signature weapon (Reliquary of Truth)?",Information
"my 5 stars: kazuha, raiden, alhaitham, furina, keqing, tighnari, neuvi, ayato, yelan, hu tao, diluc, jean, venti, qiqi, ganyu, cyno, mona, dehya",Information
"Same for me actually. My laptop is outdated (GTX 1060) and also ran out of storage.  
So currently i play all my gacha games on mobile (until i can afford new PC). Not the absolute smoothest experience for Wuwa specifically (midrange phone with only \~700k Antutu score), but at least i can play.",Information
"Current Floor 12: 

1st half Raiden, Bennett, Xiangling, Xingqiu

2nd half Hu Tao, Yelan, Furina, Jean",Information
"Thanks for the info! Yes, Nefer has her signature weapon.",Information
Clorinde’s third most popular team in this rotation of abyss was just Yelan in the slot that is otherwise Fischl/Yae,Information
"Weekly Team/Character Building Megathread (June 5th, 2024) (feat. Clorinde and Alhaitham) 

A megathread dedicated to team/character building Q&A.

Do not post questions irrelevant to team/character building here. They should belong to the [Daily General Question Megathread](https://www.reddit.com/r/Genshin_Impact/search?q=title%3A%22Daily+Questions+Megathread%22+author%3AVeritasibility&restrict_sr=on&sort=new&t=day).

If you have a comprehensive **theory** (rather than a **question**) about how to build a character or a team, you are encouraged to make a dedicated discussion thread outside this megathread, as it can help general players.

This week's team/character building megathread will feature Clorinde and Alhaitham. If your question involves them, you are strongly encouraged to start your question with a ""[Clorinde]"" or ""[Alhaitham]"" tag, like this:

> [Clorinde]  
> *insert your question*

If your question does not involve them, the following template is recommended:

> Character(s): *insert character(s)*  
> *insert your question*",Information
